row,x,y
1,1.0,1.7999999523163
2,2.4800000190735,1.7999999523163
3,2.5,1.7999999523163
4,4.5,1.7999999523163
5,8.5,1.7999999523163
6,8.5,1.7999999523163
