row,col,x,y
1,1,0.37000000476837,0.49000000953674
1,2,1.539999961853,0.49000000953674
2,1,1.4099999666214,0.49000000953674
2,2,3.5,0.49000000953674
3,1,0.68999999761581,0.49000000953674
3,2,4.3099999427795,0.49000000953674
4,1,1.7799999713898,0.49000000953674
4,2,7.2300000190735,0.49000000953674
5,1,5.3699998855591,0.49000000953674
5,2,11.369999885559,0.49000000953674
6,1,5.5111980438232,0.49000000953674
6,2,11.452616691589,0.49000000953674
